lang,n_revisions_tot,n_revisions_sel,n_sources_revisions,n_pages,nrev_per_page,‚Ññ,Language,Language (local),Articles,All pages,Edits,Admins,Users,Active users,Files,Depth,n_domain_pos,n_domain_neg,n_domain_all,n_users,rank_n_users,perc_n_users,sel,rank_active_users_sel,perc_active_users_sel,class
en,10990681,7285518,7097098,89906,78.93909194047116,1.0,English,English,6787545.0,60054799.0,1204836026.0,869.0,46986811.0,125733.0,914441.0,1235.0,159.0,131.0,197594.0,151995.0,1.0,0.003115264797507788,True,1.0,0.006802721088435374,high
de,1872097,1334607,681348,16115,42.28035991312442,3.0,German,Deutsch,2884764.0,7953741.0,240873331.0,175.0,4318676.0,18678.0,129274.0,93.0,138.0,83.0,46871.0,20534.0,2.0,0.006230529595015576,True,2.0,0.013605442176870748,high
fr,1773411,1171480,632639,23072,27.42020631067961,4.0,French,fran√ßais,2593248.0,12960484.0,212234180.0,146.0,4865765.0,18026.0,71339.0,261.0,141.0,94.0,43574.0,15669.0,3.0,0.009345794392523364,True,3.0,0.02040816326530612,high
es,1668403,1155537,730481,23111,31.607502920687118,8.0,Spanish,espa√±ol,1933327.0,8106938.0,157904530.0,58.0,7074655.0,15144.0,0.0,198.0,142.0,93.0,45062.0,13060.0,4.0,0.012461059190031152,True,4.0,0.027210884353741496,high
it,1076109,734596,312550,15030,20.795076513639387,9.0,Italian,italiano,1849384.0,7923801.0,137702268.0,120.0,2484476.0,8153.0,123945.0,187.0,137.0,83.0,26558.0,6568.0,7.0,0.021806853582554516,True,8.0,0.05442176870748299,mid
ru,981552,602887,454856,14294,31.82146355114034,7.0,Russian,—Ä—É—Å—Å–∫–∏–π,1965498.0,7900005.0,135997744.0,70.0,3535332.0,9975.0,249494.0,156.0,141.0,79.0,34703.0,9054.0,5.0,0.01557632398753894,True,6.0,0.04081632653061224,high
nl,672928,496079,120127,30237,3.9728478354334094,6.0,Dutch,Nederlands,2151216.0,4609210.0,66916454.0,35.0,1328251.0,3893.0,20.0,18.0,98.0,57.0,11670.0,3461.0,11.0,0.03426791277258567,True,12.0,0.08163265306122448,mid
zh,620971,368006,419822,11377,36.90094049397908,12.0,Chinese,‰∏≠Êñá,1405615.0,7636006.0,81174250.0,63.0,3474820.0,7340.0,66241.0,208.0,132.0,77.0,24467.0,5773.0,8.0,0.024922118380062305,True,9.0,0.061224489795918366,mid
pt,600636,433405,282137,15713,17.955641825240246,18.0,Portuguese,portugu√™s,1119337.0,5652308.0,67338735.0,51.0,3035224.0,8509.0,61133.0,195.0,133.0,82.0,26515.0,5629.0,9.0,0.028037383177570093,True,7.0,0.047619047619047616,high
cy,588132,58040,13656,4322,3.1596483109671447,41.0,Welsh,Cymraeg,280336.0,477984.0,12275679.0,16.0,87353.0,125.0,11354.0,12.0,66.0,20.0,1815.0,106.0,69.0,0.21495327102803738,True,76.0,0.5170068027210885,low
vi,573299,381731,168091,23309,7.211420481359132,15.0,Vietnamese,Ti·∫øng Vi·ªát,1291164.0,19458755.0,71108753.0,18.0,945208.0,1702.0,26285.0,723.0,127.0,65.0,15675.0,1725.0,20.0,0.06230529595015576,True,21.0,0.14285714285714285,mid
ja,534072,382953,244479,7854,31.1279602750191,13.0,Japanese,Êó•Êú¨Ë™û,1404970.0,4133434.0,99154986.0,40.0,2171285.0,13682.0,4421.0,90.0,129.0,62.0,22049.0,7402.0,6.0,0.018691588785046728,True,5.0,0.034013605442176874,high
pl,518008,390327,177679,10375,17.125686746987952,11.0,Polish,polski,1604350.0,3691275.0,72737704.0,99.0,1291648.0,4838.0,262.0,33.0,115.0,53.0,14602.0,4124.0,10.0,0.03115264797507788,True,11.0,0.07482993197278912,mid
sv,511000,379380,180082,30364,5.930773284152286,5.0,Swedish,svenska,2577600.0,6222940.0,54362223.0,64.0,899636.0,2300.0,0.0,17.0,111.0,49.0,9612.0,2842.0,12.0,0.037383177570093455,True,19.0,0.1292517006802721,mid
ca,489370,314874,132153,11202,11.797268344938404,20.0,Catalan,catal√†,744087.0,1861814.0,33091958.0,28.0,474753.0,1344.0,11526.0,40.0,118.0,57.0,14572.0,1460.0,24.0,0.07476635514018691,True,26.0,0.17687074829931973,mid
ar,475970,298779,261277,11485,22.74941227688289,17.0,Arabic,ÿßŸÑÿπÿ±ÿ®Ÿäÿ©,1227659.0,8367880.0,66136618.0,23.0,2547899.0,3892.0,53813.0,267.0,132.0,76.0,21696.0,2309.0,16.0,0.04984423676012461,True,13.0,0.08843537414965986,mid
he,390161,260379,62563,4842,12.920900454357703,37.0,Hebrew,◊¢◊ë◊®◊ô◊™,350006.0,1482947.0,38046028.0,28.0,1151924.0,3463.0,78736.0,268.0,111.0,59.0,8435.0,2448.0,15.0,0.04672897196261682,True,15.0,0.10204081632653061,mid
uk,339977,187472,214869,12567,17.097875387920745,14.0,Ukrainian,—É–∫—Ä–∞—ó–Ω—Å—å–∫–∞,1311615.0,4607118.0,41739313.0,52.0,735614.0,3815.0,113580.0,57.0,131.0,69.0,20980.0,2217.0,17.0,0.0529595015576324,True,14.0,0.09523809523809523,mid
tr,293951,212483,125783,8316,15.125420875420875,27.0,Turkish,T√ºrk√ße,567217.0,2744460.0,31627570.0,19.0,1565167.0,2998.0,40169.0,169.0,115.0,57.0,13528.0,2642.0,13.0,0.040498442367601244,True,16.0,0.10884353741496598,mid
hu,285622,177619,74312,5793,12.827895736233385,29.0,Hungarian,magyar,538486.0,1542286.0,26849886.0,25.0,555241.0,1620.0,8960.0,60.0,107.0,47.0,9986.0,1614.0,22.0,0.06853582554517133,True,23.0,0.1564625850340136,mid
ko,282318,175032,93930,6424,14.62173100871731,23.0,Korean,ÌïúÍµ≠Ïñ¥,660269.0,3180468.0,36366378.0,30.0,828471.0,1900.0,13687.0,166.0,113.0,52.0,13666.0,1571.0,23.0,0.07165109034267912,True,20.0,0.1360544217687075,mid
fa,263543,177009,60961,9162,6.653678236192971,19.0,Persian,ŸÅÿßÿ±ÿ≥€å,993937.0,5641894.0,38830404.0,35.0,1289765.0,5653.0,88983.0,150.0,117.0,51.0,10357.0,2544.0,14.0,0.04361370716510903,True,10.0,0.06802721088435375,mid
fi,256996,189117,37069,6768,5.477098108747045,26.0,Finnish,suomi,567655.0,1481449.0,22155816.0,34.0,568774.0,1698.0,75768.0,38.0,86.0,33.0,6101.0,1621.0,21.0,0.06542056074766354,True,22.0,0.14965986394557823,mid
cs,253629,194675,96140,5614,17.12504453152832,28.0,Czech,ƒçe≈°tina,541466.0,1520072.0,23645800.0,33.0,650846.0,2566.0,1.0,50.0,106.0,54.0,11550.0,2083.0,18.0,0.056074766355140186,True,18.0,0.12244897959183673,mid
nb,246671,164965,68208,6457,10.563419544680192,24.0,Norwegian,norsk,622740.0,1799327.0,24235592.0,40.0,603402.0,1235.0,4.0,48.0,103.0,48.0,8212.0,1276.0,26.0,0.08099688473520249,True,28.0,0.19047619047619047,mid
id,236461,143778,104757,9400,11.144361702127659,22.0,Indonesian,Bahasa Indonesia,684995.0,3810469.0,25319906.0,47.0,1463179.0,2770.0,51432.0,138.0,123.0,58.0,15741.0,1792.0,19.0,0.059190031152647975,True,17.0,0.11564625850340136,mid
sr,190034,122172,64380,4450,14.467415730337079,21.0,Serbian,—Å—Ä–ø—Å–∫–∏ / srpski,685601.0,4114001.0,27380078.0,15.0,359085.0,784.0,37516.0,166.0,109.0,46.0,9145.0,910.0,29.0,0.09034267912772585,True,34.0,0.23129251700680273,mid
bg,172414,114943,38188,5974,6.392366923334449,40.0,Bulgarian,–±—ä–ª–≥–∞—Ä—Å–∫–∏,296606.0,666324.0,12121032.0,25.0,339568.0,799.0,13.0,28.0,75.0,32.0,5109.0,739.0,33.0,0.102803738317757,True,32.0,0.21768707482993196,mid
eu,148623,96045,23183,7942,2.919038025686225,34.0,Basque,euskara,428305.0,927582.0,9584732.0,12.0,158128.0,496.0,0.0,14.0,76.0,30.0,3659.0,381.0,41.0,0.1277258566978193,True,42.0,0.2857142857142857,mid
el,144897,92364,56803,3926,14.468415690269994,49.0,Greek,ŒïŒªŒªŒ∑ŒΩŒπŒ∫Œ¨,231737.0,675609.0,10421792.0,21.0,414875.0,1275.0,18887.0,56.0,102.0,46.0,8530.0,1131.0,27.0,0.08411214953271028,True,27.0,0.1836734693877551,mid
ceb,141474,93058,157162,32608,4.819737487733072,2.0,Cebuano,Cebuano,6121707.0,11228397.0,35029966.0,7.0,112901.0,162.0,1.0,2.0,43.0,3.0,253.0,55.0,88.0,0.27414330218068533,True,67.5,0.45918367346938777,low
da,135177,103695,30758,3161,9.730465042708003,39.0,Danish,dansk,297882.0,939234.0,11669020.0,26.0,475075.0,792.0,2.0,57.0,86.0,31.0,4933.0,882.0,30.0,0.09345794392523364,True,33.0,0.22448979591836735,mid
ro,126259,85006,35142,4000,8.7855,32.0,Romanian,rom√¢nƒÉ,444361.0,2721030.0,16053076.0,17.0,641597.0,1018.0,117578.0,154.0,101.0,42.0,6898.0,919.0,28.0,0.08722741433021806,True,31.0,0.2108843537414966,mid
simple,126254,94057,60490,3413,17.723410489305596,43.0,Simple English,Simple English,248071.0,805464.0,9348315.0,18.0,1410023.0,1601.0,36.0,58.0,111.0,56.0,6925.0,1327.0,25.0,0.0778816199376947,True,24.0,0.16326530612244897,mid
th,111580,67413,54755,2766,19.795733911785973,61.0,Thai,‡πÑ‡∏ó‡∏¢,162606.0,1069616.0,11323660.0,19.0,469495.0,1152.0,20867.0,329.0,106.0,40.0,7503.0,769.0,31.0,0.09657320872274143,True,29.0,0.19727891156462585,mid
gl,104695,61201,31168,2876,10.837273991655076,53.0,Galician,galego,203400.0,509691.0,6645591.0,8.0,143007.0,275.0,31.0,29.0,89.0,32.0,6193.0,297.0,47.0,0.14641744548286603,True,53.0,0.36054421768707484,low
ast,94223,53057,22845,2452,9.316884176182707,67.0,Asturian,asturianu,133935.0,238762.0,4142497.0,8.0,121417.0,128.0,0.0,10.0,80.0,30.0,4793.0,87.0,72.0,0.22429906542056074,True,75.0,0.5102040816326531,low
eo,93428,68224,13546,3012,4.49734395750332,36.0,Esperanto,Esperanto,350092.0,780952.0,8617055.0,12.0,220437.0,321.0,16822.0,16.0,62.0,19.0,3797.0,318.0,45.0,0.14018691588785046,True,48.0,0.32653061224489793,low
war,88693,83204,103462,21651,4.778624543900975,16.0,Waray,Winaray,1266406.0,2871031.0,7598607.0,3.0,58821.0,65.0,42.0,4.0,22.0,8.0,440.0,36.0,102.5,0.31931464174454827,True,103.5,0.7040816326530612,low
lt,86859,64414,10438,2310,4.518614718614718,52.0,Lithuanian,lietuvi≈≥,215631.0,531253.0,7193381.0,10.0,184268.0,384.0,26748.0,29.0,63.0,23.0,2330.0,359.0,43.0,0.13395638629283488,True,45.0,0.30612244897959184,low
az,86847,48075,19488,3479,5.601609657947686,55.0,Azerbaijani,az…ôrbaycanca,198754.0,558391.0,7472550.0,15.0,286280.0,653.0,18677.0,43.0,83.0,31.0,3345.0,397.0,40.0,0.12461059190031153,True,37.0,0.25170068027210885,mid
hr,84735,61211,21139,2855,7.404203152364273,51.0,Croatian,hrvatski,219178.0,465281.0,6858575.0,13.0,309035.0,512.0,21781.0,18.0,81.0,37.0,4246.0,634.0,35.0,0.10903426791277258,True,40.0,0.272108843537415,mid
sk,83038,62951,16561,1869,8.860888175494917,44.0,Slovak,slovenƒçina,247910.0,569502.0,7781432.0,11.0,246165.0,575.0,0.0,22.0,63.0,27.0,3119.0,543.0,37.0,0.11526479750778816,True,39.0,0.2653061224489796,mid
et,76061,51970,21011,2622,8.013348588863463,46.0,Estonian,eesti,243257.0,574015.0,6579747.0,34.0,189282.0,594.0,790.0,21.0,75.0,25.0,3073.0,527.0,38.0,0.11838006230529595,True,38.0,0.2585034013605442,mid
sl,72538,48110,18987,1855,10.235579514824797,56.0,Slovenian,sloven≈°ƒçina,184243.0,466621.0,6164154.0,22.0,230069.0,425.0,8477.0,31.0,81.0,30.0,4160.0,362.0,42.0,0.1308411214953271,True,43.0,0.2925170068027211,mid
la,62224,40223,6724,2069,3.249879168680522,65.0,Latin,Latina,138789.0,282273.0,3810602.0,17.0,177547.0,158.0,0.0,14.0,25.0,14.0,1864.0,145.0,62.0,0.19314641744548286,True,70.0,0.47619047619047616,low
hy,62151,36600,32495,2411,13.47781003732891,38.0,Armenian,’∞’°’µ’•÷Ä’•’∂,305901.0,1041670.0,9149161.0,10.0,141353.0,689.0,12074.0,50.0,101.0,49.0,6782.0,654.0,34.0,0.1059190031152648,True,36.0,0.24489795918367346,mid
min,60252,11376,2484,3207,0.774555659494855,50.0,Minangkabau,Minangkabau,227422.0,471688.0,3150328.0,5.0,18903.0,60.0,178.0,7.0,20.0,6.0,308.0,41.0,99.5,0.3099688473520249,True,108.0,0.7346938775510204,low
ka,60163,38604,13513,2402,5.625728559533722,58.0,Georgian,·É•·Éê·É†·Éó·É£·Éö·Éò,171140.0,481672.0,4614343.0,6.0,158097.0,301.0,15705.0,31.0,84.0,34.0,3404.0,243.0,52.0,0.16199376947040497,True,51.0,0.3469387755102041,low
bn,56477,33061,30174,1814,16.633958103638367,63.0,Bangla,‡¶¨‡¶æ‡¶Ç‡¶≤‡¶æ,147819.0,1225119.0,7225292.0,14.0,448405.0,1519.0,17900.0,313.0,96.0,37.0,5073.0,583.0,36.0,0.11214953271028037,True,25.0,0.17006802721088435,mid
mk,54684,32001,18055,1915,9.428198433420366,64.0,Macedonian,–º–∞–∫–µ–¥–æ–Ω—Å–∫–∏,141813.0,557146.0,5158989.0,12.0,114665.0,262.0,9072.0,79.0,87.0,33.0,4728.0,299.0,46.0,0.14330218068535824,True,55.0,0.3741496598639456,low
ms,53584,33776,37042,2524,14.675911251980983,35.0,Malay,Bahasa Melayu,370956.0,1078924.0,6109767.0,15.0,330715.0,705.0,18429.0,20.0,109.0,44.0,7901.0,405.0,39.0,0.12149532710280374,True,35.0,0.23809523809523808,mid
sh,52385,33224,20747,3219,6.445169307238273,31.0,Serbo-Croatian,srpskohrvatski / —Å—Ä–ø—Å–∫–æ—Ö—Ä–≤–∞—Ç—Å–∫–∏,458918.0,4651320.0,41822795.0,9.0,206263.0,192.0,10218.0,750.0,57.0,29.0,4050.0,172.0,57.0,0.17757009345794392,True,61.0,0.41496598639455784,low
bs,47068,34099,14150,1390,10.179856115107913,75.0,Bosnian,bosanski,92979.0,375996.0,3563278.0,9.0,159096.0,167.0,5500.0,87.0,70.0,17.0,2460.0,186.0,53.0,0.16510903426791276,True,63.0,0.42857142857142855,low
af,46093,28667,14511,1997,7.266399599399099,69.0,Afrikaans,Afrikaans,114910.0,391133.0,2649674.0,13.0,172717.0,195.0,9718.0,39.0,72.0,29.0,2551.0,144.0,63.0,0.19626168224299065,True,60.0,0.40816326530612246,low
nn,45549,33910,10678,1570,6.8012738853503185,59.0,Norwegian Nynorsk,norsk nynorsk,168720.0,385198.0,3527067.0,16.0,133985.0,159.0,13.0,15.0,53.0,27.0,2187.0,154.0,61.0,0.19003115264797507,True,69.0,0.46938775510204084,low
arz,44456,33387,4450,10427,0.4267766375755251,10.0,Egyptian Arabic,ŸÖÿµÿ±Ÿâ,1621985.0,2107976.0,9003154.0,7.0,231646.0,202.0,1488.0,0.0,49.0,14.0,796.0,49.0,93.0,0.2897196261682243,True,59.0,0.4013605442176871,low
lv,43003,27376,12504,1370,9.127007299270073,68.0,Latvian,latvie≈°u,125885.0,508708.0,4004319.0,14.0,120731.0,350.0,26499.0,72.0,52.0,26.0,2116.0,273.0,50.0,0.1557632398753894,True,47.0,0.3197278911564626,low
be,41571,30657,9687,2156,4.4930426716141,47.0,Belarusian,–±–µ–ª–∞—Ä—É—Å–∫–∞—è,239803.0,686801.0,4673084.0,10.0,139069.0,289.0,3286.0,23.0,68.0,22.0,2778.0,160.0,60.0,0.18691588785046728,True,52.0,0.35374149659863946,low
hi,38677,26320,24983,1219,20.494667760459393,62.0,Hindi,‡§π‡§ø‡§®‡•ç‡§¶‡•Ä,160818.0,1305348.0,6059017.0,7.0,802921.0,1137.0,4340.0,235.0,75.0,29.0,4075.0,767.0,32.0,0.09968847352024922,True,30.0,0.20408163265306123,mid
sq,38180,26259,10395,1175,8.846808510638297,73.0,Albanian,shqip,95909.0,291727.0,2639042.0,11.0,160034.0,356.0,3902.0,37.0,76.0,23.0,2550.0,278.0,49.0,0.1526479750778816,True,46.0,0.3129251700680272,low
br,38148,27341,3185,1704,1.869131455399061,78.0,Breton,brezhoneg,85989.0,157940.0,2082426.0,5.0,78077.0,99.0,4978.0,9.0,31.0,9.0,498.0,73.0,77.0,0.2398753894080997,True,83.0,0.564625850340136,low
ta,36216,20087,22885,1609,14.223119950279678,60.0,Tamil,‡Æ§‡ÆÆ‡Æø‡Æ¥‡Øç,163444.0,514943.0,3885154.0,33.0,229908.0,314.0,8198.0,34.0,84.0,30.0,4367.0,349.0,44.0,0.13707165109034267,True,49.0,0.3333333333333333,low
ml,35253,17614,16647,1607,10.359054138145613,80.0,Malayalam,‡¥Æ‡¥≤‡¥Ø‡¥æ‡¥≥‡¥Ç,85332.0,520460.0,3969464.0,14.0,178564.0,242.0,7211.0,198.0,92.0,32.0,4258.0,270.0,51.0,0.1588785046728972,True,56.0,0.38095238095238093,low
lb,33029,22249,1512,605,2.4991735537190083,93.0,Luxembourgish,L√´tzebuergesch,63089.0,137304.0,2496264.0,6.0,60961.0,77.0,2420.0,25.0,12.0,6.0,167.0,50.0,91.5,0.2850467289719626,True,95.0,0.6462585034013606,low
ur,31151,18717,10868,1194,9.10217755443886,54.0,Urdu,ÿßÿ±ÿØŸà,202233.0,1078727.0,6071687.0,8.0,175783.0,267.0,14151.0,105.0,59.0,24.0,1866.0,116.0,68.0,0.2118380062305296,True,54.0,0.3673469387755102,low
oc,30751,19813,1860,948,1.9620253164556962,77.0,Occitan,occitan,89400.0,162816.0,2411687.0,4.0,54015.0,98.0,828.0,9.0,16.0,6.0,533.0,52.0,90.0,0.2803738317757009,True,84.5,0.5748299319727891,low
is,29410,21211,4684,1189,3.9394449116904964,96.0,Icelandic,√≠slenska,58028.0,150634.0,1845736.0,19.0,96641.0,157.0,3306.0,31.0,20.0,7.0,776.0,175.0,55.0,0.17133956386292834,True,71.0,0.48299319727891155,low
uz,28502,17941,11004,1527,7.206286836935167,42.0,Uzbek,o ªzbekcha / —û–∑–±–µ–∫—á–∞,249776.0,918382.0,4094648.0,16.0,123504.0,499.0,3117.0,31.0,88.0,35.0,2990.0,290.0,48.0,0.14953271028037382,True,41.0,0.2789115646258503,mid
zh-yue,27332,17389,8925,1567,5.695596681557116,66.0,Cantonese,Á≤µË™û,138042.0,310263.0,2098776.0,12.0,270112.0,308.0,2773.0,10.0,52.0,22.0,1801.0,169.0,58.5,0.1822429906542056,True,50.0,0.3401360544217687,low
an,26962,19025,883,630,1.4015873015873015,104.0,Aragonese,aragon√©s,45269.0,146692.0,2106936.0,9.0,76491.0,61.0,2556.0,72.0,10.0,5.0,65.0,33.0,107.0,0.3333333333333333,True,107.0,0.7278911564625851,low
tl,26411,18123,6697,1013,6.611056268509378,102.0,Tagalog,Tagalog,46589.0,240761.0,2092345.0,11.0,139502.0,162.0,1895.0,150.0,70.0,19.0,1489.0,182.0,54.0,0.16822429906542055,True,67.5,0.45918367346938777,low
mr,25553,18491,2323,711,3.267229254571027,74.0,Marathi,‡§Æ‡§∞‡§æ‡§†‡•Ä,95129.0,308952.0,2372738.0,10.0,160902.0,182.0,11517.0,38.0,24.0,7.0,483.0,134.0,64.5,0.20093457943925233,True,62.0,0.4217687074829932,low
io,22693,17434,240,670,0.3582089552238806,103.0,Ido,Ido,45342.0,64335.0,1034803.0,5.0,37922.0,63.0,0.0,2.0,4.0,2.0,54.0,16.0,142.5,0.4439252336448598,True,106.0,0.7210884353741497,low
jv,21690,14926,3202,699,4.580829756795422,86.0,Javanese,Jawa,72926.0,183085.0,1668095.0,5.0,61123.0,98.0,5452.0,20.0,41.0,16.0,1276.0,134.0,64.5,0.20093457943925233,True,84.5,0.5748299319727891,low
sw,19997,15649,4969,956,5.197698744769874,82.0,Swahili,Kiswahili,79336.0,171334.0,1318265.0,17.0,65517.0,111.0,2290.0,10.0,61.0,15.0,1730.0,131.0,67.0,0.2087227414330218,True,79.0,0.5374149659863946,low
vec,19794,14173,505,374,1.3502673796791445,90.0,Venetian,v√®neto,69262.0,141667.0,1165966.0,5.0,35737.0,41.0,725.0,8.0,8.0,2.0,85.0,27.0,116.5,0.3629283489096573,True,119.0,0.8095238095238095,low
be-x-old,19552,15766,2294,755,3.03841059602649,79.0,Belarusian (Tara≈°kievica orthography),–±–µ–ª–∞—Ä—É—Å–∫–∞—è (—Ç–∞—Ä–∞—à–∫–µ–≤—ñ—Ü–∞),85640.0,246177.0,2478093.0,4.0,84482.0,120.0,2112.0,35.0,29.0,12.0,698.0,84.0,74.0,0.23052959501557632,True,78.0,0.5306122448979592,low
ga,19028,12371,3064,1246,2.4590690208667736,95.0,Irish,Gaeilge,59681.0,103048.0,1197953.0,7.0,59886.0,86.0,1146.0,6.0,36.0,16.0,687.0,66.0,80.0,0.24922118380062305,True,89.5,0.608843537414966,low
fy,18612,13555,911,773,1.1785252263906856,99.0,Western Frisian,Frysk,53089.0,162435.0,1145038.0,8.0,48690.0,74.0,7949.0,29.0,6.0,10.0,279.0,41.0,99.5,0.3099688473520249,True,98.5,0.6700680272108843,low
te,17038,7966,5734,433,13.242494226327944,76.0,Telugu,‡∞§‡±Ü‡∞≤‡±Å‡∞ó‡±Å,92056.0,345334.0,4095152.0,12.0,126919.0,223.0,14475.0,89.0,54.0,11.0,1403.0,133.0,66.0,0.205607476635514,True,58.0,0.3945578231292517,low
kk,16971,11479,2643,1129,2.341009743135518,48.0,Kazakh,“õ–∞–∑–∞“õ—à–∞,236064.0,626924.0,3281764.0,15.0,150924.0,419.0,11067.0,14.0,24.0,12.0,838.0,174.0,56.0,0.17445482866043613,True,44.0,0.29931972789115646,mid
scn,15465,12103,114,404,0.28217821782178215,119.0,Sicilian,sicilianu,26272.0,55852.0,738350.0,3.0,44919.0,41.0,1406.0,16.0,0.0,0.0,0.0,16.0,142.5,0.4439252336448598,False,,1.0,low
tt,15257,11488,2851,1334,2.1371814092953523,30.0,Tatar,—Ç–∞—Ç–∞—Ä—á–∞ / tatar√ßa,500990.0,786590.0,4119964.0,6.0,50384.0,86.0,6610.0,1.0,9.0,7.0,330.0,61.0,83.0,0.2585669781931464,True,89.5,0.608843537414966,low
su,15128,11803,2567,491,5.228105906313646,94.0,Sundanese,Sunda,61626.0,98078.0,663853.0,6.0,31269.0,75.0,537.0,2.0,27.0,9.0,831.0,67.0,78.5,0.24454828660436137,True,97.0,0.6598639455782312,low
ht,15089,11000,1948,553,3.522603978300181,89.0,Haitian Creole,Krey√≤l ayisyen,69479.0,86404.0,839696.0,2.0,32462.0,43.0,0.0,0.0,21.0,8.0,455.0,31.0,111.0,0.34579439252336447,True,116.5,0.7925170068027211,low
nap,14980,11906,46,287,0.1602787456445993,145.0,Neapolitan,Napulitano,14858.0,24009.0,667840.0,3.0,30400.0,34.0,288.0,10.0,0.0,0.0,0.0,10.0,174.5,0.543613707165109,False,,1.0,low
cv,14605,10938,1253,536,2.337686567164179,100.0,Chuvash,—á”ë–≤–∞—à–ª–∞,52524.0,109793.0,816744.0,2.0,34772.0,48.0,537.0,8.0,9.0,3.0,320.0,26.0,118.5,0.3691588785046729,True,113.0,0.7687074829931972,low
nv,14048,6550,71,1762,0.04029511918274688,124.0,Navajo,Din√© bizaad,22599.0,37211.0,307207.0,2.0,17436.0,9.0,737.0,3.0,0.0,0.0,0.0,2.0,294.0,0.9158878504672897,False,,1.0,low
nds,13467,9907,608,467,1.3019271948608138,81.0,Low German,Plattd√º√ºtsch,84580.0,171652.0,1009998.0,4.0,53480.0,53.0,0.0,6.0,4.0,3.0,87.0,22.0,128.0,0.3987538940809969,True,111.0,0.7551020408163265,low
gd,12835,9825,481,315,1.5269841269841269,138.0,Scottish Gaelic,G√†idhlig,15950.0,32236.0,575121.0,5.0,28237.0,29.0,290.0,18.0,0.0,0.0,0.0,34.0,104.0,0.32398753894080995,False,,1.0,low
qu,12738,10213,408,513,0.7953216374269005,122.0,Quechua,Runa Simi,24026.0,57659.0,670979.0,2.0,30028.0,38.0,0.0,22.0,6.0,3.0,39.0,13.0,155.0,0.48286604361370716,True,122.0,0.8299319727891157,low
am,11121,8508,195,342,0.5701754385964912,143.0,Amharic,·ä†·àõ·à≠·äõ,15296.0,46391.0,379175.0,1.0,46605.0,36.0,1784.0,33.0,2.0,2.0,16.0,20.0,132.5,0.4127725856697819,True,126.5,0.8605442176870748,low
ku,11060,6055,4228,352,12.011363636363637,84.0,Kurdish,kurd√Æ,75363.0,191852.0,1546247.0,3.0,65010.0,94.0,562.0,19.0,22.0,7.0,447.0,61.0,83.0,0.2585669781931464,True,87.0,0.5918367346938775,low
new,10707,8737,207,350,0.5914285714285714,88.0,Newari,‡§®‡•á‡§™‡§æ‡§≤ ‡§≠‡§æ‡§∑‡§æ,72339.0,164703.0,866390.0,2.0,27571.0,25.0,0.0,8.0,0.0,0.0,0.0,8.0,206.5,0.6433021806853583,False,,1.0,low
pnb,10674,8228,4615,1421,3.24771287825475,87.0,Western Punjabi,ŸæŸÜÿ¨ÿßÿ®€å,72501.0,130946.0,657612.0,2.0,37398.0,69.0,31.0,3.0,55.0,18.0,1454.0,19.0,135.0,0.4205607476635514,True,100.0,0.6802721088435374,low
lmo,10308,7364,555,426,1.3028169014084507,85.0,Lombard,lombard,73780.0,146787.0,1263990.0,5.0,42904.0,44.0,4435.0,8.0,0.0,0.0,0.0,26.0,118.5,0.3691588785046729,False,,1.0,low
zh-min-nan,9590,6403,569,852,0.6678403755868545,33.0,Minnan,B√¢n-l√¢m-g√∫,432995.0,1069525.0,3199742.0,6.0,61404.0,95.0,335.0,6.0,14.0,6.0,136.0,42.0,97.5,0.3037383177570093,True,86.0,0.5850340136054422,low
nah,9450,7642,12,241,0.04979253112033195,202.0,NƒÅhuatl,NƒÅhuatl,5872.0,17367.0,520141.0,3.0,22497.0,17.0,168.0,114.0,0.0,0.0,0.0,5.0,247.5,0.7710280373831776,False,,1.0,low
bpy,9385,7335,16,179,0.0893854748603352,120.0,Bishnupriya,‡¶¨‡¶ø‡¶∑‡ßç‡¶£‡ßÅ‡¶™‡ßç‡¶∞‡¶ø‡¶Ø‡¶º‡¶æ ‡¶Æ‡¶£‡¶ø‡¶™‡ßÅ‡¶∞‡ßÄ,25086.0,63368.0,893751.0,3.0,25472.0,15.0,41.0,32.0,0.0,0.0,0.0,1.0,309.0,0.9626168224299065,False,,1.0,low
kn,9135,5065,10733,411,26.114355231143552,112.0,Kannada,‡≤ï‡≤®‡≥ç‡≤®‡≤°,31287.0,138863.0,1205852.0,4.0,85715.0,234.0,2346.0,102.0,62.0,26.0,2630.0,169.0,58.5,0.1822429906542056,True,57.0,0.3877551020408163,low
sa,9005,6634,443,222,1.9954954954954955,158.0,Sanskrit,‡§∏‡§Ç‡§∏‡•ç‡§ï‡•É‡§§‡§Æ‡•ç,12136.0,75393.0,484355.0,3.0,39535.0,38.0,445.0,174.0,0.0,0.0,0.0,25.0,120.5,0.37538940809968846,False,,1.0,low
ckb,8866,5287,2985,696,4.288793103448276,98.0,Central Kurdish,⁄©Ÿàÿ±ÿØ€å,53896.0,217579.0,1193996.0,8.0,61088.0,163.0,2543.0,50.0,64.0,16.0,971.0,97.0,70.0,0.21806853582554517,True,66.0,0.4489795918367347,low
als,8671,5447,2064,458,4.506550218340611,114.0,Alemannic,Alemannisch,30252.0,72730.0,1045444.0,9.0,103056.0,80.0,590.0,28.0,8.0,3.0,464.0,50.0,91.5,0.2850467289719626,True,93.0,0.6326530612244898,low
nrm,7474,5815,4,173,0.023121387283236993,211.0,Norman,Nouormand,4933.0,10527.0,220082.0,2.0,13478.0,15.0,0.0,26.0,0.0,0.0,0.0,4.0,260.0,0.8099688473520249,False,,1.0,low
azb,7458,5172,2084,1619,1.2872143298332304,45.0,South Azerbaijani,ÿ™€Üÿ±⁄©ÿ¨Ÿá,243400.0,577139.0,1556140.0,4.0,48247.0,106.0,333.0,5.0,19.0,9.0,400.0,40.0,101.0,0.3146417445482866,True,81.5,0.5544217687074829,low
ia,7366,5470,665,277,2.4007220216606497,115.0,Interlingua,interlingua,29492.0,44653.0,666428.0,6.0,50205.0,42.0,4.0,3.0,7.0,5.0,116.0,36.0,102.5,0.31931464174454827,True,118.0,0.8027210884353742,low
my,7234,4327,3123,457,6.833698030634573,71.0,Burmese,·Äô·Äº·Äî·Ä∫·Äô·Ä¨·Äò·Ä¨·Äû·Ä¨,107440.0,239151.0,822700.0,4.0,118353.0,141.0,2942.0,5.0,47.0,11.0,807.0,67.0,78.5,0.24454828660436137,True,72.0,0.4897959183673469,low
map-bms,7168,5979,75,169,0.4437869822485207,150.0,Basa Banyumasan,Basa Banyumasan,13913.0,30362.0,219945.0,1.0,16787.0,18.0,461.0,10.0,0.0,0.0,0.0,6.0,236.0,0.735202492211838,False,,1.0,low
os,6914,5253,45,298,0.15100671140939598,132.0,Ossetic,–∏—Ä–æ–Ω,17970.0,65869.0,551654.0,3.0,24697.0,29.0,155.0,59.0,0.0,0.0,0.0,7.0,222.5,0.6931464174454829,False,,1.0,low
pa,6895,3319,6347,571,11.115586690017514,101.0,Punjabi,‡®™‡©∞‡®ú‡®æ‡®¨‡©Ä,52127.0,169434.0,730918.0,10.0,48927.0,136.0,1809.0,21.0,76.0,22.0,1983.0,80.0,75.0,0.2336448598130841,True,74.0,0.5034013605442177,low
yi,6783,5170,149,225,0.6622222222222223,141.0,Yiddish,◊ô◊ô÷¥◊ì◊ô◊©,15427.0,44134.0,592164.0,4.0,51675.0,55.0,1059.0,46.0,0.0,0.0,0.0,27.0,116.5,0.3629283489096573,False,,1.0,low
mn,6650,4837,1550,278,5.575539568345324,123.0,Mongolian,–º–æ–Ω–≥–æ–ª,23101.0,105916.0,769302.0,3.0,89024.0,139.0,1359.0,93.0,22.0,9.0,523.0,53.0,89.0,0.2772585669781931,True,73.0,0.4965986394557823,low
ne,6379,3750,2443,365,6.693150684931507,111.0,Nepali,‡§®‡•á‡§™‡§æ‡§≤‡•Ä,32894.0,110178.0,1195428.0,7.0,66192.0,124.0,1302.0,59.0,49.0,13.0,854.0,77.0,76.0,0.2367601246105919,True,77.0,0.5238095238095238,low
hsb,6331,5238,592,331,1.7885196374622356,149.0,Upper Sorbian,hornjoserbsce,13927.0,35604.0,382732.0,4.0,25086.0,28.0,129.0,26.0,0.0,0.0,0.0,15.0,146.0,0.45482866043613707,False,,1.0,low
tg,6246,3328,1283,525,2.4438095238095237,70.0,Tajik,—Ç–æ“∑–∏–∫”£,111704.0,272909.0,1390091.0,6.0,46189.0,107.0,511.0,10.0,36.0,8.0,381.0,33.0,107.0,0.3333333333333333,True,80.0,0.54421768707483,low
pi,6214,5370,0,162,0.0,247.0,Pali,‡§™‡§æ‡§≤‡§ø,2553.0,4661.0,102211.0,1.0,7429.0,3.0,1.0,14.0,0.0,0.0,0.0,0.0,321.0,1.0,False,,1.0,low
tk,6093,5177,804,246,3.268292682926829,191.0,Turkmen,T√ºrkmen√ße,6821.0,16616.0,248912.0,3.0,28496.0,37.0,340.0,30.0,9.0,2.0,60.0,21.0,130.5,0.40654205607476634,True,124.5,0.8469387755102041,low
ba,6080,2808,2994,333,8.99099099099099,92.0,Bashkir,–±–∞—à“°–æ—Ä—Ç—Å–∞,63516.0,182387.0,1268357.0,6.0,40620.0,83.0,1504.0,24.0,28.0,10.0,987.0,60.0,85.0,0.26479750778816197,True,92.0,0.6258503401360545,low
gan,5755,4966,34,227,0.14977973568281938,193.0,Gan,Ë¥õË™û,6704.0,34141.0,398244.0,2.0,44104.0,27.0,40.0,195.0,0.0,0.0,0.0,8.0,206.5,0.6433021806853583,False,,1.0,low
bar,5670,2972,964,235,4.102127659574468,118.0,Bavarian,Boarisch,27150.0,109962.0,840911.0,3.0,69837.0,62.0,1322.0,71.0,0.0,0.0,0.0,42.0,97.5,0.3037383177570093,False,,1.0,low
si,5656,2783,3907,363,10.763085399449036,127.0,Sinhala,‡∑É‡∑í‡∂Ç‡∑Ñ‡∂Ω,20332.0,125341.0,644577.0,3.0,67112.0,76.0,3004.0,137.0,35.0,9.0,1138.0,86.0,73.0,0.22741433021806853,True,96.0,0.6530612244897959,low
sah,5170,4257,270,244,1.1065573770491803,134.0,Yakut,—Å–∞—Ö–∞ —Ç—ã–ª–∞,17226.0,51644.0,404497.0,3.0,25102.0,39.0,1765.0,31.0,0.0,0.0,0.0,21.0,130.5,0.40654205607476634,False,,1.0,low
sco,5168,3631,1665,467,3.565310492505353,109.0,Scots,Scots,34947.0,139334.0,883965.0,3.0,108149.0,78.0,533.0,56.0,28.0,9.0,476.0,61.0,83.0,0.2585669781931464,True,94.0,0.6394557823129252,low
wa,5010,3338,118,217,0.543778801843318,157.0,Walloon,walon,12155.0,28753.0,401584.0,4.0,24572.0,30.0,640.0,26.0,0.0,0.0,0.0,12.0,161.5,0.5031152647975078,False,,1.0,low
avk,4262,2716,1207,870,1.3873563218390805,116.0,Kotava,Kotava,29059.0,35409.0,142936.0,6.0,5197.0,18.0,0.0,0.0,0.0,0.0,0.0,5.0,247.5,0.7710280373831776,False,,1.0,low
yo,4237,2600,1875,252,7.440476190476191,110.0,Yoruba,Yor√πb√°,33823.0,57915.0,578866.0,3.0,28341.0,106.0,166.0,5.0,34.0,8.0,337.0,43.0,95.5,0.29750778816199375,True,81.5,0.5544217687074829,low
vls,4150,2931,150,188,0.7978723404255319,180.0,West Flemish,West-Vlams,7930.0,21897.0,315960.0,5.0,27012.0,28.0,476.0,44.0,0.0,0.0,0.0,14.0,150.0,0.4672897196261682,False,,1.0,low
or,4041,2054,1959,277,7.072202166064982,133.0,Odia,‡¨ì‡¨°‡¨º‡¨ø‡¨Ü,17711.0,78653.0,523097.0,6.0,35734.0,68.0,185.0,78.0,32.0,5.0,440.0,33.0,107.0,0.3333333333333333,True,101.0,0.6870748299319728,low
li,4013,2874,230,186,1.2365591397849462,144.0,Limburgish,Limburgs,14869.0,67207.0,463103.0,7.0,29100.0,39.0,623.0,85.0,0.0,0.0,0.0,23.0,124.5,0.3878504672897196,False,,1.0,low
bat-smg,3944,3026,89,142,0.6267605633802817,135.0,Samogitian,≈æemaitƒó≈°ka,17220.0,29904.0,360479.0,4.0,26094.0,24.0,109.0,6.0,0.0,0.0,0.0,11.0,167.5,0.5218068535825545,False,,1.0,low
zh-classical,3880,2413,180,153,1.1764705882352942,154.0,Literary Chinese,ÊñáË®Ä,12770.0,106255.0,401494.0,7.0,101797.0,54.0,0.0,202.0,0.0,0.0,0.0,32.0,110.0,0.3426791277258567,False,,1.0,low
pms,3816,2922,35,248,0.14112903225806453,91.0,Piedmontese,Piemont√®is,68765.0,104392.0,870300.0,4.0,27669.0,42.0,2069.0,2.0,0.0,0.0,0.0,8.0,206.5,0.6433021806853583,False,,1.0,low
ha,3694,1569,5026,365,13.76986301369863,107.0,Hausa,Hausa,38106.0,64822.0,379141.0,7.0,26906.0,164.0,0.0,2.0,76.0,15.0,1611.0,58.0,86.5,0.26947040498442365,True,64.5,0.4387755102040816,low
mi,3672,3077,156,117,1.3333333333333333,181.0,MƒÅori,MƒÅori,7890.0,15176.0,164215.0,2.0,19022.0,20.0,0.0,9.0,0.0,0.0,0.0,12.0,161.5,0.5031152647975078,False,,1.0,low
nds-nl,3663,2835,231,149,1.5503355704697988,182.0,Low Saxon,Nedersaksies,7881.0,21447.0,327040.0,6.0,28558.0,23.0,567.0,45.0,0.0,0.0,0.0,13.0,155.0,0.48286604361370716,False,,1.0,low
fo,3518,2603,325,381,0.8530183727034121,148.0,Faroese,f√∏royskt,14068.0,40812.0,378664.0,3.0,30049.0,58.0,0.0,33.0,11.0,5.0,102.0,24.0,122.0,0.38006230529595014,True,109.5,0.7448979591836735,low
frr,3312,1551,64,374,0.1711229946524064,129.0,Northern Frisian,Nordfriisk,18905.0,47407.0,258422.0,4.0,20248.0,26.0,1493.0,12.0,0.0,0.0,0.0,8.0,206.5,0.6433021806853583,False,,1.0,low
mg,3156,1946,468,466,1.0042918454935623,72.0,Malagasy,Malagasy,96845.0,249002.0,1071317.0,3.0,32552.0,38.0,3.0,10.0,8.0,2.0,60.0,23.0,124.5,0.3878504672897196,True,122.0,0.8299319727891157,low
as,3153,1282,2962,198,14.95959595959596,155.0,Assamese,‡¶Ö‡¶∏‡¶Æ‡ßÄ‡¶Ø‡¶º‡¶æ,12732.0,91632.0,406880.0,6.0,40331.0,93.0,1845.0,170.0,45.0,11.0,932.0,58.0,86.5,0.26947040498442365,True,88.0,0.5986394557823129,low
co,3012,1771,219,180,1.2166666666666666,178.0,Corsican,corsu,8059.0,17042.0,392204.0,2.0,22577.0,33.0,0.0,28.0,0.0,0.0,0.0,8.0,206.5,0.6433021806853583,False,,1.0,low
szl,2963,1515,792,364,2.1758241758241756,97.0,Silesian,≈õl≈Ønski,57909.0,73739.0,368434.0,3.0,24716.0,41.0,0.0,0.0,0.0,0.0,0.0,16.0,142.5,0.4439252336448598,False,,1.0,low
ky,2923,2013,431,622,0.6929260450160771,83.0,Kyrgyz,–∫—ã—Ä–≥—ã–∑—á–∞,79108.0,109739.0,465790.0,2.0,39447.0,164.0,2681.0,0.0,8.0,7.0,187.0,43.0,95.5,0.29750778816199375,True,64.5,0.4387755102040816,low
bcl,2888,1799,1964,345,5.6927536231884055,136.0,Central Bikol,Bikol Central,16558.0,42738.0,270292.0,4.0,23578.0,52.0,865.0,15.0,57.0,9.0,956.0,44.0,94.0,0.29283489096573206,True,112.0,0.7619047619047619,low
gu,2850,1864,3505,101,34.7029702970297,113.0,Gujarati,‡™ó‡´Å‡™ú‡™∞‡™æ‡™§‡´Ä,30366.0,127250.0,860577.0,3.0,77216.0,64.0,0.0,68.0,30.0,8.0,700.0,65.0,81.0,0.2523364485981308,True,105.0,0.7142857142857143,low
wuu,2770,2107,680,914,0.7439824945295405,105.0,Wu,Âê¥ËØ≠,43303.0,58352.0,311982.0,4.0,95370.0,67.0,132.0,0.0,6.0,2.0,135.0,33.0,107.0,0.3333333333333333,True,102.0,0.6938775510204082,low
mt,2759,1582,664,113,5.876106194690266,198.0,Maltese,Malti,6155.0,21191.0,303109.0,5.0,22866.0,56.0,723.0,85.0,0.0,0.0,0.0,25.0,120.5,0.37538940809968846,False,,1.0,low
mrj,2745,2079,25,557,0.04488330341113106,168.0,Western Mari,–∫—ã—Ä—ã–∫ –º–∞—Ä—ã,10432.0,19864.0,105547.0,1.0,10928.0,13.0,0.0,4.0,0.0,0.0,0.0,9.0,189.0,0.5887850467289719,False,,1.0,low
xmf,2729,1042,932,463,2.012958963282937,126.0,Mingrelian,·Éõ·Éê·É†·Éí·Éê·Éö·É£·É†·Éò,20822.0,38459.0,217673.0,5.0,19453.0,26.0,0.0,4.0,14.0,5.0,190.0,15.0,146.0,0.45482866043613707,True,130.5,0.8877551020408163,low
lij,2696,2121,330,325,1.0153846153846153,163.0,Ligurian,Ligure,11226.0,27168.0,245051.0,7.0,16412.0,24.0,9.0,18.0,0.0,0.0,0.0,12.0,161.5,0.5031152647975078,False,,1.0,low
csb,2522,2057,66,121,0.5454545454545454,209.0,Kashubian,kasz√´bsczi,5459.0,8789.0,188386.0,3.0,16959.0,14.0,0.0,7.0,0.0,0.0,0.0,6.0,236.0,0.735202492211838,False,,1.0,low
ilo,2514,1632,1507,503,2.996023856858847,142.0,Iloko,Ilokano,15374.0,70333.0,400342.0,2.0,17614.0,18.0,0.0,72.0,0.0,0.0,0.0,7.0,222.5,0.6931464174454829,False,,1.0,low
ary,2513,1041,827,102,8.107843137254902,171.0,Moroccan Arabic,ÿßŸÑÿØÿßÿ±ÿ¨ÿ©,9697.0,67697.0,349500.0,4.0,12095.0,40.0,173.0,184.0,3.0,2.0,62.0,16.0,142.5,0.4439252336448598,True,120.0,0.8163265306122449,low
ps,2434,1599,5375,406,13.238916256157635,130.0,Pashto,Ÿæ⁄öÿ™Ÿà,18893.0,64732.0,311624.0,2.0,32347.0,65.0,1740.0,28.0,55.0,11.0,1487.0,30.0,113.0,0.35202492211838005,True,103.5,0.7040816326530612,low
se,2416,1953,9,149,0.06040268456375839,184.0,Northern Sami,davvis√°megiella,7846.0,20936.0,302802.0,5.0,29111.0,28.0,0.0,40.0,0.0,0.0,0.0,6.0,236.0,0.735202492211838,False,,1.0,low
fur,2382,1753,55,61,0.9016393442622951,221.0,Friulian,furlan,4027.0,9098.0,173372.0,2.0,14593.0,26.0,318.0,30.0,0.0,0.0,0.0,10.0,174.5,0.543613707165109,False,,1.0,low
hyw,2350,1119,1246,132,9.43939393939394,159.0,Western Armenian,‘±÷Ä’•÷Ç’¥’ø’°’∞’°’µ’•÷Ä’ß’∂,11629.0,24613.0,213399.0,5.0,10237.0,37.0,0.0,10.0,23.0,10.0,443.0,33.0,107.0,0.3333333333333333,True,124.5,0.8469387755102041,low
diq,2334,1772,208,269,0.7732342007434945,106.0,Zazaki,Zazaki,41812.0,62941.0,527133.0,3.0,28184.0,41.0,199.0,2.0,0.0,0.0,0.0,17.0,138.5,0.43146417445482865,False,,1.0,low
rue,2240,1785,182,257,0.708171206225681,175.0,Rusyn,—Ä—É—Å–∏–Ω—å—Å–∫—ã–π,8752.0,19508.0,141584.0,1.0,29553.0,29.0,87.0,10.0,0.0,0.0,0.0,9.0,189.0,0.5887850467289719,False,,1.0,low
ce,2223,1059,495,137,3.613138686131387,25.0,Chechen,–Ω–æ—Ö—á–∏–π–Ω,601282.0,1190368.0,10112511.0,3.0,36982.0,49.0,328.0,8.0,0.0,0.0,0.0,19.0,135.0,0.4205607476635514,False,,1.0,low
szy,2217,284,51,53,0.9622641509433962,243.0,Sakizaya,Sakizaya,2664.0,5859.0,135335.0,1.0,3069.0,14.0,0.0,33.0,0.0,0.0,0.0,11.0,167.5,0.5218068535825545,False,,1.0,low
sd,2208,1169,665,309,2.1521035598705502,140.0,Sindhi,ÿ≥ŸÜ⁄åŸä,15668.0,58321.0,257911.0,4.0,18247.0,35.0,149.0,32.0,0.0,0.0,0.0,20.0,132.5,0.4127725856697819,False,,1.0,low
ang,2111,1602,87,82,1.0609756097560976,217.0,Old English,√Ünglisc,4284.0,18093.0,213415.0,2.0,125986.0,54.0,299.0,122.0,0.0,0.0,0.0,17.0,138.5,0.43146417445482865,False,,1.0,low
ln,2040,1300,66,61,1.0819672131147542,224.0,Lingala,ling√°la,3767.0,10067.0,128094.0,5.0,13255.0,20.0,32.0,35.0,0.0,0.0,0.0,10.0,174.5,0.543613707165109,False,,1.0,low
sc,2000,1485,336,114,2.9473684210526314,185.0,Sardinian,sardu,7541.0,17062.0,182707.0,4.0,24688.0,36.0,157.0,17.0,0.0,0.0,0.0,13.0,155.0,0.48286604361370716,False,,1.0,low
gv,1932,1599,109,104,1.0480769230769231,195.0,Manx,Gaelg,6484.0,26439.0,327147.0,3.0,20235.0,21.0,184.0,117.0,0.0,0.0,0.0,7.0,222.5,0.6931464174454829,False,,1.0,low
so,1879,1251,542,103,5.262135922330097,179.0,Somali,Soomaaliga,7943.0,25079.0,261580.0,1.0,37307.0,84.0,0.0,48.0,4.0,2.0,42.0,30.0,113.0,0.35202492211838005,True,91.0,0.6190476190476191,low
udm,1847,1473,8,155,0.05161290322580645,204.0,Udmurt,—É–¥–º—É—Ä—Ç,5685.0,19144.0,125958.0,3.0,15270.0,21.0,9.0,36.0,0.0,0.0,0.0,4.0,260.0,0.8099688473520249,False,,1.0,low
eml,1777,1223,186,281,0.6619217081850534,152.0,Emiliano-Romagnolo,emili√†n e rumagn√≤l,13050.0,35351.0,156620.0,3.0,26306.0,20.0,2748.0,12.0,0.0,0.0,0.0,7.0,222.5,0.6931464174454829,False,,1.0,low
tly,1776,1098,0,175,0.0,199.0,Talysh,tolƒ±≈üi,6142.0,10909.0,84388.0,3.0,968.0,23.0,0.0,4.0,0.0,0.0,0.0,0.0,321.0,1.0,False,,1.0,low
dag,1760,490,613,98,6.255102040816326,174.0,Dagbani,dagbanli,9205.0,19268.0,85968.0,2.0,3679.0,36.0,0.0,5.0,8.0,2.0,125.0,28.0,115.0,0.3582554517133956,True,126.5,0.8605442176870748,low
stq,1749,1331,21,74,0.28378378378378377,220.0,Saterland Frisian,Seeltersk,4115.0,10806.0,122896.0,5.0,13544.0,16.0,429.0,30.0,0.0,0.0,0.0,7.0,222.5,0.6931464174454829,False,,1.0,low
gn,1738,1377,285,122,2.3360655737704916,206.0,Guarani,Ava√±e'·∫Ω,5604.0,13250.0,129755.0,2.0,18940.0,30.0,0.0,18.0,3.0,1.0,35.0,14.0,150.0,0.4672897196261682,False,,1.0,low
mwl,1712,758,537,57,9.421052631578947,218.0,Mirandese,Mirand√©s,4257.0,10654.0,103254.0,1.0,13415.0,28.0,0.0,21.0,0.0,0.0,0.0,17.0,138.5,0.43146417445482865,False,,1.0,low
bo,1696,1369,418,85,4.91764705882353,186.0,Tibetan,‡Ωñ‡Ωº‡Ωë‡ºã‡Ω°‡Ω≤‡ΩÇ,7089.0,18750.0,142907.0,1.0,29857.0,31.0,0.0,20.0,9.0,3.0,172.0,8.0,206.5,0.6433021806853583,True,128.0,0.8707482993197279,low
jbo,1677,1389,1,34,0.029411764705882353,277.0,Lojban,la .lojban.,1333.0,5763.0,112460.0,1.0,16833.0,15.0,0.0,215.0,0.0,0.0,0.0,1.0,309.0,0.9626168224299065,False,,1.0,low
fiu-vro,1661,1329,6,55,0.10909090909090909,194.0,V√µro,v√µro,6578.0,12494.0,179826.0,4.0,14496.0,16.0,50.0,11.0,0.0,0.0,0.0,3.0,276.0,0.8598130841121495,False,,1.0,low
ig,1556,1090,8253,562,14.685053380782918,121.0,Igbo,Igbo,24290.0,32471.0,150612.0,4.0,18797.0,74.0,0.0,0.0,80.0,21.0,2957.0,91.0,71.0,0.22118380062305296,True,98.5,0.6700680272108843,low
vo,1528,1203,351,168,2.0892857142857144,108.0,Volap√ºk,Volap√ºk,35971.0,152544.0,3295982.0,2.0,35394.0,29.0,0.0,226.0,4.0,3.0,64.0,14.0,150.0,0.4672897196261682,True,129.0,0.8775510204081632,low
kv,1468,1265,34,112,0.30357142857142855,208.0,Komi,–∫–æ–º–∏,5522.0,17942.0,143110.0,1.0,14705.0,15.0,0.0,40.0,0.0,0.0,0.0,5.0,247.5,0.7710280373831776,False,,1.0,low
koi,1432,1164,1,149,0.006711409395973154,231.0,Komi-Permyak,–ø–µ—Ä–µ–º –∫–æ–º–∏,3461.0,12163.0,61786.0,1.0,8719.0,9.0,0.0,32.0,0.0,0.0,0.0,1.0,309.0,0.9626168224299065,False,,1.0,low
chr,1427,856,512,33,15.515151515151516,295.0,Cherokee,·è£·é≥·é©,1057.0,4136.0,48678.0,1.0,25556.0,18.0,0.0,99.0,0.0,0.0,0.0,10.0,174.5,0.543613707165109,False,,1.0,low
vep,1408,768,96,92,1.0434782608695652,189.0,Veps,veps√§n kel‚Äô,6970.0,35233.0,166620.0,1.0,15980.0,21.0,0.0,77.0,0.0,0.0,0.0,9.0,189.0,0.5887850467289719,False,,1.0,low
zea,1394,1158,16,46,0.34782608695652173,196.0,Zeelandic,Ze√™uws,6230.0,12005.0,143508.0,3.0,13445.0,24.0,1.0,10.0,0.0,0.0,0.0,8.0,206.5,0.6433021806853583,False,,1.0,low
dv,1364,1051,38,57,0.6666666666666666,236.0,Divehi,ﬁãﬁ®ﬁàﬁ¨ﬁÄﬁ®ﬁÑﬁ¶ﬁêﬁ∞,3049.0,11601.0,131934.0,3.0,25289.0,13.0,932.0,89.0,0.0,0.0,0.0,9.0,189.0,0.5887850467289719,False,,1.0,low
mhr,1355,1141,82,238,0.3445378151260504,161.0,Eastern Mari,–æ–ª—ã–∫ –º–∞—Ä–∏–π,11290.0,29742.0,194910.0,2.0,14509.0,30.0,0.0,17.0,0.0,0.0,0.0,8.0,206.5,0.6433021806853583,False,,1.0,low
bh,1352,553,568,139,4.086330935251799,176.0,Bhojpuri,‡§≠‡•ã‡§ú‡§™‡•Å‡§∞‡•Ä,8654.0,75998.0,766638.0,2.0,34755.0,37.0,54.0,610.0,0.0,0.0,0.0,19.0,135.0,0.4205607476635514,False,,1.0,low
ext,1347,893,127,59,2.152542372881356,228.0,Extremaduran,estreme√±u,3674.0,8487.0,129565.0,2.0,17668.0,21.0,0.0,26.0,0.0,0.0,0.0,13.0,155.0,0.48286604361370716,False,,1.0,low
to,1334,1089,20,51,0.39215686274509803,254.0,Tongan,lea faka-Tonga,2013.0,5473.0,43195.0,2.0,10634.0,11.0,12.0,23.0,0.0,0.0,0.0,5.0,247.5,0.7710280373831776,False,,1.0,low
mzn,1319,949,192,135,1.4222222222222223,128.0,Mazanderani,ŸÖÿßÿ≤Ÿêÿ±ŸàŸÜ€å,19072.0,40700.0,190491.0,4.0,36667.0,35.0,281.0,6.0,0.0,0.0,0.0,10.0,174.5,0.543613707165109,False,,1.0,low
km,1306,635,1273,62,20.532258064516128,167.0,Khmer,·ûó·û∂·ûü·û∂·ûÅ·üí·ûò·üÇ·ûö,10451.0,34967.0,304686.0,5.0,41893.0,58.0,1035.0,47.0,33.0,8.0,282.0,30.0,113.0,0.35202492211838005,True,109.5,0.7448979591836735,low
hak,1304,1022,59,147,0.4013605442176871,170.0,Hakka Chinese,ÂÆ¢ÂÆ∂Ë™û/Hak-k√¢-ng√Æ,10221.0,19568.0,128249.0,1.0,32839.0,18.0,0.0,5.0,0.0,0.0,0.0,9.0,189.0,0.5887850467289719,False,,1.0,low
pam,1253,922,406,72,5.638888888888889,173.0,Pampanga,Kapampangan,9470.0,22165.0,304433.0,2.0,21130.0,17.0,403.0,24.0,3.0,3.0,149.0,11.0,167.5,0.5218068535825545,True,140.5,0.95578231292517,low
hif,1248,953,229,80,2.8625,165.0,Fiji Hindi,Fiji Hindi,10832.0,47427.0,307687.0,4.0,33340.0,60.0,192.0,74.0,0.0,0.0,0.0,17.0,138.5,0.43146417445482865,False,,1.0,low
kw,1204,857,32,105,0.3047619047619048,187.0,Cornish,kernowek,6973.0,14460.0,214981.0,1.0,15658.0,23.0,6.0,17.0,0.0,0.0,0.0,9.0,189.0,0.5887850467289719,False,,1.0,low
pcd,1188,852,75,77,0.974025974025974,205.0,Picard,Picard,5655.0,10905.0,72472.0,3.0,17858.0,22.0,50.0,5.0,0.0,0.0,0.0,9.0,189.0,0.5887850467289719,False,,1.0,low
ksh,1177,913,25,25,1.0,237.0,Colognian,Ripoarisch,2963.0,10630.0,1608427.0,3.0,22910.0,15.0,0.0,1013.0,0.0,0.0,0.0,6.0,236.0,0.735202492211838,False,,1.0,low
crh,1172,777,80,235,0.3404255319148936,117.0,Crimean Tatar,qƒ±rƒ±mtatarca,27901.0,50518.0,213481.0,2.0,25276.0,25.0,0.0,2.0,4.0,2.0,63.0,6.0,236.0,0.735202492211838,True,132.0,0.8979591836734694,low
frp,1159,752,65,68,0.9558823529411765,203.0,Arpitan,arpetan,5755.0,16835.0,224273.0,2.0,16653.0,26.0,0.0,49.0,2.0,2.0,7.0,8.0,206.5,0.6433021806853583,True,130.5,0.8877551020408163,low
lad,1062,727,185,41,4.512195121951219,227.0,Ladino,Ladino,3682.0,13186.0,212278.0,4.0,21557.0,26.0,23.0,107.0,0.0,0.0,0.0,10.0,174.5,0.543613707165109,False,,1.0,low
cdo,1059,845,56,297,0.18855218855218855,137.0,Mindong,Èñ©Êù±Ë™û / M√¨ng-dƒïÃ§ng-ng·π≥ÃÑ,16461.0,33048.0,100810.0,4.0,21629.0,19.0,0.0,3.0,0.0,0.0,0.0,10.0,174.5,0.543613707165109,False,,1.0,low
ab,1057,838,36,240,0.15,197.0,Abkhazian,–∞‘•—Å—à”ô–∞,6169.0,24793.0,135926.0,2.0,20390.0,23.0,9.0,49.0,0.0,0.0,0.0,9.0,189.0,0.5887850467289719,False,,1.0,low
myv,1054,818,141,69,2.0434782608695654,183.0,Erzya,—ç—Ä–∑—è–Ω—å,7860.0,29669.0,149075.0,4.0,13130.0,18.0,0.0,38.0,0.0,0.0,0.0,4.0,260.0,0.8099688473520249,False,,1.0,low
kab,1044,443,139,146,0.952054794520548,192.0,Kabyle,Taqbaylit,6709.0,16442.0,109075.0,1.0,13782.0,21.0,0.0,13.0,0.0,0.0,0.0,9.0,189.0,0.5887850467289719,False,,1.0,low
ug,1044,805,25,100,0.25,201.0,Uyghur,ÿ¶€áŸäÿ∫€áÿ±⁄Ü€ï / Uyghurche,5949.0,15561.0,158637.0,1.0,22195.0,20.0,0.0,26.0,0.0,0.0,0.0,9.0,189.0,0.5887850467289719,False,,1.0,low
krc,1040,790,53,38,1.394736842105263,251.0,Karachay-Balkar,–∫—ä–∞—Ä–∞—á–∞–π-–º–∞–ª–∫—ä–∞—Ä,2087.0,14426.0,109121.0,1.0,10575.0,11.0,0.0,264.0,0.0,0.0,0.0,5.0,247.5,0.7710280373831776,False,,1.0,low
smn,1010,311,163,139,1.1726618705035972,207.0,Inari Sami,anar√¢≈°kiel√¢,5602.0,20402.0,97982.0,6.0,4117.0,21.0,0.0,33.0,0.0,0.0,0.0,8.0,206.5,0.6433021806853583,False,,1.0,low
sat,1001,307,574,88,6.5227272727272725,164.0,Santali,·±•·±ü·±±·±õ·±ü·±≤·±§,10839.0,23110.0,141150.0,3.0,7691.0,43.0,0.0,7.0,7.0,4.0,89.0,23.0,124.5,0.3878504672897196,True,116.5,0.7925170068027211,low
ay,996,803,40,33,1.2121212121212122,210.0,Aymara,Aymar aru,5169.0,8851.0,99811.0,1.0,16937.0,23.0,0.0,5.0,0.0,0.0,0.0,7.0,222.5,0.6931464174454829,False,,1.0,low
rw,988,794,627,99,6.333333333333333,188.0,Kinyarwanda,Ikinyarwanda,6971.0,14595.0,103313.0,1.0,13393.0,45.0,0.0,8.0,14.0,3.0,272.0,22.0,128.0,0.3987538940809969,True,114.5,0.7789115646258503,low
arc,968,794,9,36,0.25,259.0,Aramaic,‹ê‹™‹°‹ù‹ê,1901.0,6529.0,96343.0,2.0,20769.0,16.0,0.0,87.0,0.0,0.0,0.0,5.0,247.5,0.7710280373831776,False,,1.0,low
dsb,959,743,177,72,2.4583333333333335,234.0,Lower Sorbian,dolnoserbski,3372.0,11282.0,144543.0,1.0,18765.0,26.0,0.0,70.0,0.0,0.0,0.0,9.0,189.0,0.5887850467289719,False,,1.0,low
bjn,951,643,796,77,10.337662337662337,166.0,Banjar,Banjar,10639.0,31188.0,94488.0,3.0,14457.0,22.0,92.0,11.0,24.0,7.0,299.0,23.0,124.5,0.3878504672897196,True,135.0,0.9183673469387755,low
ban,948,522,379,145,2.613793103448276,125.0,Balinese,Basa Bali,22583.0,44502.0,175922.0,4.0,19301.0,52.0,117.0,3.0,0.0,0.0,0.0,14.0,150.0,0.4672897196261682,False,,1.0,low
sn,942,532,22,53,0.41509433962264153,160.0,Shona,chiShona,11410.0,20343.0,110502.0,1.0,17674.0,19.0,0.0,3.0,0.0,0.0,0.0,5.0,247.5,0.7710280373831776,False,,1.0,low
lfn,917,486,43,163,0.26380368098159507,219.0,Lingua Franca Nova,Lingua Franca Nova,4249.0,6786.0,39645.0,1.0,12285.0,19.0,0.0,2.0,0.0,0.0,0.0,10.0,174.5,0.543613707165109,False,,1.0,low
nov,840,652,2,20,0.1,271.0,Novial,Novial,1627.0,4545.0,178974.0,2.0,11994.0,15.0,0.0,126.0,0.0,0.0,0.0,1.0,309.0,0.9626168224299065,False,,1.0,low
pap,827,385,303,32,9.46875,226.0,Papiamento,Papiamentu,3748.0,7981.0,115602.0,5.0,14863.0,18.0,0.0,18.0,7.0,3.0,69.0,9.0,189.0,0.5887850467289719,True,137.5,0.935374149659864,low
bxr,816,332,1371,61,22.475409836065573,241.0,Russia Buriat,–±—É—Ä—è–∞–¥,2777.0,11091.0,71716.0,1.0,15490.0,17.0,9.0,57.0,24.0,7.0,419.0,13.0,155.0,0.48286604361370716,True,140.5,0.95578231292517,low
pdc,796,643,36,16,2.25,255.0,Pennsylvania German,Deitsch,2009.0,5934.0,106020.0,1.0,33508.0,25.0,0.0,68.0,0.0,0.0,0.0,12.0,161.5,0.5031152647975078,False,,1.0,low
kbd,755,545,30,51,0.5882352941176471,270.0,Kabardian,–∞–¥—ã–≥—ç–±–∑—ç,1635.0,7070.0,47674.0,2.0,10140.0,14.0,0.0,74.0,0.0,0.0,0.0,4.0,260.0,0.8099688473520249,False,,1.0,low
gcr,746,618,2,109,0.01834862385321101,294.0,Guianan Creole,kriy√≤l gwiyannen,1065.0,2644.0,17249.0,1.0,3105.0,10.0,0.0,14.0,0.0,0.0,0.0,2.0,294.0,0.9158878504672897,False,,1.0,low
inh,738,237,62,53,1.169811320754717,250.0,Ingush,–≥”Ä–∞–ª–≥”Ä–∞–π,2208.0,14031.0,65341.0,2.0,4416.0,16.0,36.0,133.0,0.0,0.0,0.0,9.0,189.0,0.5887850467289719,False,,1.0,low
tcy,736,272,275,36,7.638888888888889,252.0,Tulu,‡≤§‡≥Å‡≤≥‡≥Å,2040.0,11121.0,120122.0,3.0,5952.0,29.0,12.0,214.0,0.0,0.0,0.0,15.0,146.0,0.45482866043613707,False,,1.0,low
srn,730,573,5,19,0.2631578947368421,289.0,Sranan Tongo,Sranantongo,1119.0,2703.0,39635.0,1.0,7839.0,12.0,0.0,29.0,0.0,0.0,0.0,4.0,260.0,0.8099688473520249,False,,1.0,low
nso,722,498,4,190,0.021052631578947368,177.0,Northern Sotho,Sesotho sa Leboa,8586.0,10943.0,50686.0,1.0,6812.0,9.0,0.0,0.0,0.0,0.0,0.0,3.0,276.0,0.8598130841121495,False,,1.0,low
lez,711,469,34,42,0.8095238095238095,215.0,Lezghian,–ª–µ–∑–≥–∏,4379.0,14079.0,94580.0,3.0,10969.0,18.0,10.0,32.0,0.0,0.0,0.0,8.0,206.5,0.6433021806853583,False,,1.0,low
mni,704,215,182,107,1.7009345794392523,169.0,Manipuri,ÍØÉÍØ§ÍØáÍØ© ÍØÇÍØ£ÍØü,10285.0,16694.0,53650.0,3.0,4154.0,23.0,0.0,1.0,11.0,2.0,107.0,4.0,260.0,0.8099688473520249,True,134.0,0.9115646258503401,low
ace,677,492,93,53,1.7547169811320755,153.0,Achinese,Ac√®h,12931.0,27684.0,150187.0,4.0,27709.0,39.0,0.0,7.0,0.0,0.0,0.0,9.0,189.0,0.5887850467289719,False,,1.0,low
gom,676,144,49,26,1.8846153846153846,229.0,Goan Konkani,‡§ó‡•ã‡§Ç‡§Ø‡§ö‡•Ä ‡§ï‡•ã‡§Ç‡§ï‡§£‡•Ä / G√µychi Konknni,3593.0,9472.0,212313.0,4.0,10201.0,11.0,0.0,60.0,0.0,0.0,0.0,10.0,174.5,0.543613707165109,False,,1.0,low
mdf,655,503,104,145,0.7172413793103448,213.0,Moksha,–º–æ–∫—à–µ–Ω—å,4572.0,17212.0,79794.0,3.0,9686.0,15.0,0.0,35.0,0.0,0.0,0.0,7.0,222.5,0.6931464174454829,False,,1.0,low
av,635,475,228,41,5.560975609756097,232.0,Avaric,–∞–≤–∞—Ä,3412.0,16559.0,89851.0,2.0,15060.0,26.0,0.0,80.0,0.0,0.0,0.0,7.0,222.5,0.6931464174454829,False,,1.0,low
wo,595,431,28,24,1.1666666666666667,267.0,Wolof,Wolof,1690.0,5453.0,106014.0,3.0,15381.0,12.0,0.0,96.0,0.0,0.0,0.0,6.0,236.0,0.735202492211838,False,,1.0,low
lbe,582,492,6,25,0.24,281.0,Lak,–ª–∞–∫–∫—É,1269.0,15476.0,51864.0,1.0,8565.0,6.0,0.0,420.0,0.0,0.0,0.0,3.0,276.0,0.8598130841121495,False,,1.0,low
lld,568,399,10,266,0.03759398496240601,57.0,Ladin,Ladin,180664.0,187426.0,236924.0,3.0,6190.0,29.0,4.0,0.0,0.0,0.0,0.0,3.0,276.0,0.8598130841121495,False,,1.0,low
ltg,557,392,14,17,0.8235294117647058,293.0,Latgalian,latgaƒºu,1075.0,3345.0,36604.0,1.0,7520.0,9.0,0.0,48.0,0.0,0.0,0.0,2.0,294.0,0.9158878504672897,False,,1.0,low
haw,554,418,42,17,2.4705882352941178,248.0,Hawaiian,Hawai ªi,2543.0,5677.0,98069.0,1.0,17353.0,23.0,0.0,26.0,0.0,0.0,0.0,12.0,161.5,0.5031152647975078,False,,1.0,low
roa-tara,553,311,129,15,8.6,172.0,Tarantino,tarand√≠ne,9485.0,18860.0,149349.0,3.0,11674.0,18.0,169.0,7.0,0.0,0.0,0.0,6.0,236.0,0.735202492211838,False,,1.0,low
kcg,540,171,49,28,1.75,297.0,Tyap,Tyap,954.0,5016.0,30194.0,2.0,1460.0,22.0,0.0,109.0,0.0,0.0,0.0,2.0,294.0,0.9158878504672897,False,,1.0,low
mnw,515,103,834,22,37.90909090909091,258.0,Mon,·Äò·Ä¨·Äû·Ä¨·Äô·Äî·Ä∫,1903.0,6519.0,43058.0,4.0,3728.0,13.0,0.0,38.0,23.0,8.0,255.0,8.0,206.5,0.6433021806853583,True,144.0,0.9795918367346939,low
bm,514,425,6,35,0.17142857142857143,306.0,Bambara,bamanankan,822.0,3270.0,41253.0,1.0,11125.0,14.0,0.0,111.0,0.0,0.0,0.0,3.0,276.0,0.8598130841121495,False,,1.0,low
lo,500,335,239,56,4.267857142857143,222.0,Lao,‡∫•‡∫≤‡∫ß,3955.0,13673.0,106517.0,4.0,18832.0,45.0,18.0,47.0,3.0,3.0,25.0,22.0,128.0,0.3987538940809969,True,114.5,0.7789115646258503,low
shi,494,182,51,24,2.125,260.0,Tachelhit,Tacl·∏•it,1816.0,4996.0,48298.0,2.0,3568.0,27.0,0.0,29.0,0.0,0.0,0.0,7.0,222.5,0.6931464174454829,False,,1.0,low
ik,490,345,4,30,0.13333333333333333,313.0,Inupiaq,I√±upiatun,583.0,2817.0,39605.0,1.0,8903.0,7.0,0.0,206.0,0.0,0.0,0.0,4.0,260.0,0.8099688473520249,False,,1.0,low
iu,485,391,8,15,0.5333333333333333,319.0,Inuktitut,·êÉ·ìÑ·íÉ·ëé·ëê·ë¶ / inuktitut,401.0,2937.0,46882.0,2.0,20484.0,21.0,0.0,638.0,0.0,0.0,0.0,5.0,247.5,0.7710280373831776,False,,1.0,low
za,463,372,126,59,2.135593220338983,238.0,Zhuang,Vahcuengh,2899.0,5334.0,41901.0,2.0,10893.0,15.0,0.0,5.0,0.0,0.0,0.0,3.0,276.0,0.8598130841121495,False,,1.0,low
zu,454,321,114,63,1.8095238095238095,162.0,Zulu,isiZulu,11238.0,25018.0,105263.0,1.0,20703.0,35.0,0.0,6.0,0.0,0.0,0.0,12.0,161.5,0.5031152647975078,False,,1.0,low
cu,429,324,17,10,1.7,284.0,Church Slavic,—Å–ª–æ–≤—£–Ω—å—Å–∫—ä / ‚∞î‚∞é‚∞ë‚∞Ç‚∞°‚∞ê‚∞†‚∞î‚∞ç‚∞ü,1218.0,5690.0,84705.0,2.0,25677.0,18.0,0.0,200.0,0.0,0.0,0.0,6.0,236.0,0.735202492211838,False,,1.0,low
mai,424,194,240,99,2.4242424242424243,147.0,Maithili,‡§Æ‡•à‡§•‡§ø‡§≤‡•Ä,14102.0,42502.0,260346.0,5.0,13994.0,38.0,120.0,24.0,6.0,2.0,50.0,12.0,161.5,0.5031152647975078,True,122.0,0.8299319727891157,low
ks,423,217,14,37,0.3783783783783784,212.0,Kashmiri,‡§ï‡•â‡§∂‡•Å‡§∞ / ⁄©Ÿ≤ÿ¥Ÿèÿ±,4658.0,13690.0,85268.0,2.0,10999.0,18.0,12.0,23.0,0.0,0.0,0.0,4.0,260.0,0.8099688473520249,False,,1.0,low
pnt,417,341,5,7,0.7142857142857143,318.0,Pontic,Œ†ŒøŒΩœÑŒπŒ±Œ∫Œ¨,486.0,2062.0,35533.0,1.0,10596.0,12.0,0.0,181.0,0.0,0.0,0.0,3.0,276.0,0.8598130841121495,False,,1.0,low
shn,410,235,784,199,3.9396984924623117,151.0,Shan,·ÅΩ·ÇÉ·Çá·Äû·ÇÉ·Çá·Äê·ÇÜ·Ä∏,13448.0,31701.0,63144.0,2.0,4356.0,17.0,68.0,3.0,32.0,7.0,215.0,7.0,222.5,0.6931464174454829,True,140.5,0.95578231292517,low
sm,401,334,4,11,0.36363636363636365,290.0,Samoan,Gagana Samoa,1099.0,3420.0,43431.0,1.0,10590.0,12.0,0.0,56.0,0.0,0.0,0.0,2.0,294.0,0.9158878504672897,False,,1.0,low
rm,386,297,436,24,18.166666666666668,223.0,Romansh,rumantsch,3769.0,9653.0,164882.0,4.0,20450.0,24.0,48.0,41.0,2.0,2.0,133.0,9.0,189.0,0.5887850467289719,True,133.0,0.9047619047619048,low
glk,376,214,209,23,9.08695652173913,190.0,Gilaki,⁄Ø€åŸÑ⁄©€å,6895.0,15011.0,67404.0,4.0,15966.0,19.0,797.0,6.0,19.0,2.0,52.0,8.0,206.5,0.6433021806853583,True,136.0,0.9251700680272109,low
got,374,254,8,24,0.3333333333333333,301.0,Gothic,êå≤êåøêçÑêåπêçÉêå∫,897.0,3771.0,46821.0,1.0,19833.0,18.0,0.0,127.0,0.0,0.0,0.0,3.0,276.0,0.8598130841121495,False,,1.0,low
olo,365,220,27,68,0.39705882352941174,216.0,Livvi-Karelian,livvinkarjala,4341.0,12294.0,35609.0,2.0,7093.0,12.0,0.0,9.0,0.0,0.0,0.0,7.0,222.5,0.6931464174454829,False,,1.0,low
chy,363,295,2,29,0.06896551724137931,311.0,Cheyenne,Tsets√™hest√¢hese,695.0,2239.0,24830.0,1.0,11937.0,8.0,0.0,54.0,0.0,0.0,0.0,2.0,294.0,0.9158878504672897,False,,1.0,low
ie,358,234,25,44,0.5681818181818182,156.0,Interlingue,Interlingue,12551.0,16554.0,158002.0,2.0,19730.0,30.0,0.0,0.0,0.0,0.0,0.0,8.0,206.5,0.6433021806853583,False,,1.0,low
kl,345,289,4,8,0.5,325.0,Kalaallisut,kalaallisut,242.0,2302.0,75192.0,3.0,13567.0,16.0,0.0,2366.0,0.0,0.0,0.0,3.0,276.0,0.8598130841121495,False,,1.0,low
ty,337,292,0,12,0.0,283.0,Tahitian,reo tahiti,1219.0,3011.0,53501.0,1.0,7575.0,8.0,0.0,38.0,0.0,0.0,0.0,0.0,321.0,1.0,False,,1.0,low
cr,334,280,2,4,0.5,326.0,Cree,Nƒìhiyawƒìwin / ·ìÄ·ê¶·êÉ·î≠·êç·êè·ê£,12.0,2301.0,39601.0,2.0,19477.0,21.0,0.0,626208.0,0.0,0.0,0.0,2.0,294.0,0.9158878504672897,False,,1.0,low
xal,328,286,7,12,0.5833333333333334,261.0,Kalmyk,—Ö–∞–ª—å–º–≥,1802.0,11994.0,90104.0,1.0,10191.0,13.0,0.0,240.0,0.0,0.0,0.0,2.0,294.0,0.9158878504672897,False,,1.0,low
roa-rup,324,211,3,26,0.11538461538461539,276.0,Aromanian,arm√£neashti,1359.0,4503.0,207832.0,1.0,14191.0,20.0,0.0,247.0,0.0,0.0,0.0,3.0,276.0,0.8598130841121495,False,,1.0,low
atj,323,212,10,22,0.45454545454545453,253.0,Atikamekw,Atikamekw,2014.0,3163.0,15632.0,5.0,4606.0,10.0,0.0,1.0,0.0,0.0,0.0,3.0,276.0,0.8598130841121495,False,,1.0,low
tyv,321,187,182,43,4.232558139534884,230.0,Tuvinian,—Ç—ã–≤–∞ –¥—ã–ª,3515.0,12567.0,47188.0,1.0,9310.0,18.0,0.0,24.0,0.0,0.0,0.0,14.0,150.0,0.4672897196261682,False,,1.0,low
om,314,186,13,39,0.3333333333333333,263.0,Oromo,Oromoo,1734.0,4959.0,42386.0,1.0,11101.0,20.0,0.0,29.0,0.0,0.0,0.0,3.0,276.0,0.8598130841121495,False,,1.0,low
kaa,288,232,22,29,0.7586206896551724,214.0,Kara-Kalpak,Qaraqalpaqsha,4427.0,13500.0,75354.0,4.0,12194.0,69.0,23.0,23.0,0.0,0.0,0.0,7.0,222.5,0.6931464174454829,False,,1.0,low
jam,282,221,25,44,0.5681818181818182,264.0,Jamaican Creole English,Patois,1716.0,3083.0,21768.0,1.0,8893.0,24.0,0.0,4.0,0.0,0.0,0.0,5.0,247.5,0.7710280373831776,False,,1.0,low
pfl,281,191,63,14,4.5,242.0,Palatine German,P√§lzisch,2753.0,6959.0,90909.0,4.0,11978.0,13.0,0.0,30.0,0.0,0.0,0.0,9.0,189.0,0.5887850467289719,False,,1.0,low
kbp,275,202,2,37,0.05405405405405406,265.0,Kabiye,Kab…©y…õ,1710.0,3411.0,18016.0,2.0,4671.0,10.0,0.0,5.0,0.0,0.0,0.0,2.0,294.0,0.9158878504672897,False,,1.0,low
ami,264,52,10,12,0.8333333333333334,288.0,Amis,Pangcah,1130.0,1998.0,41476.0,1.0,2192.0,14.0,0.0,12.0,0.0,0.0,0.0,4.0,260.0,0.8099688473520249,False,,1.0,low
rmy,253,184,0,10,0.0,304.0,Vlax Romani,romani ƒçhib,864.0,3021.0,52936.0,1.0,17772.0,16.0,0.0,109.0,0.0,0.0,0.0,0.0,321.0,1.0,False,,1.0,low
fj,248,185,6,37,0.16216216216216217,279.0,Fijian,Na Vosa Vakaviti,1296.0,3674.0,35844.0,1.0,9288.0,8.0,0.0,32.0,0.0,0.0,0.0,4.0,260.0,0.8099688473520249,False,,1.0,low
tet,247,199,14,8,1.75,275.0,Tetum,tetun,1361.0,3828.0,67960.0,2.0,9849.0,17.0,0.0,58.0,0.0,0.0,0.0,3.0,276.0,0.8598130841121495,False,,1.0,low
guc,231,128,1,15,0.06666666666666667,316.0,Wayuu,wayuunaiki,549.0,1147.0,14313.0,2.0,1182.0,22.0,0.0,14.0,0.0,0.0,0.0,1.0,309.0,0.9626168224299065,False,,1.0,low
bug,222,183,370,5,74.0,139.0,Buginese,Basa Ugi,15835.0,20111.0,202358.0,1.0,13495.0,13.0,0.0,0.0,4.0,2.0,265.0,6.0,236.0,0.735202492211838,True,144.0,0.9795918367346939,low
tw,222,79,86,21,4.095238095238095,225.0,Twi,Twi,3765.0,7254.0,118696.0,2.0,15695.0,22.0,0.0,14.0,0.0,0.0,0.0,11.0,167.5,0.5218068535825545,False,,1.0,low
pwn,220,99,33,10,3.3,320.0,Paiwan,pinayuanan,352.0,548.0,12147.0,1.0,1680.0,9.0,0.0,6.0,0.0,0.0,0.0,6.0,236.0,0.735202492211838,False,,1.0,low
pih,215,172,1,9,0.1111111111111111,300.0,Norfuk / Pitkern,Norfuk / Pitkern,914.0,3370.0,44769.0,1.0,11875.0,12.0,0.0,95.0,0.0,0.0,0.0,1.0,309.0,0.9626168224299065,False,,1.0,low
rn,215,181,3,10,0.3,312.0,Rundi,ikirundi,643.0,2546.0,23783.0,1.0,9933.0,12.0,0.0,81.0,0.0,0.0,0.0,2.0,294.0,0.9158878504672897,False,,1.0,low
anp,213,120,151,27,5.592592592592593,269.0,Angika,‡§Ö‡§Ç‡§ó‡§ø‡§ï‡§æ,1639.0,4506.0,19583.0,2.0,1491.0,15.0,0.0,13.0,0.0,0.0,0.0,7.0,222.5,0.6931464174454829,False,,1.0,low
xh,201,152,47,26,1.8076923076923077,257.0,Xhosa,isiXhosa,1909.0,4915.0,36471.0,1.0,13246.0,28.0,0.0,18.0,0.0,0.0,0.0,12.0,161.5,0.5031152647975078,False,,1.0,low
tpi,191,139,17,13,1.3076923076923077,274.0,Tok Pisin,Tok Pisin,1370.0,5722.0,87370.0,1.0,13733.0,22.0,0.0,154.0,0.0,0.0,0.0,4.0,260.0,0.8099688473520249,False,,1.0,low
tum,186,139,180,10,18.0,131.0,Tumbuka,chiTumbuka,18633.0,38571.0,102471.0,2.0,8498.0,7.0,140.0,3.0,6.0,3.0,70.0,3.0,276.0,0.8598130841121495,True,147.0,1.0,low
guw,180,45,1,9,0.1111111111111111,282.0,Gun,gungbe,1238.0,2302.0,36901.0,2.0,1374.0,12.0,0.0,11.0,0.0,0.0,0.0,1.0,309.0,0.9626168224299065,False,,1.0,low
gur,177,65,69,12,5.75,303.0,Frafra,farefare,888.0,2326.0,15059.0,1.0,970.0,11.0,0.0,16.0,0.0,0.0,0.0,2.0,294.0,0.9158878504672897,False,,1.0,low
trv,175,44,7,11,0.6363636363636364,287.0,Taroko,Seediq,1146.0,2084.0,98799.0,1.0,1969.0,7.0,0.0,31.0,0.0,0.0,0.0,1.0,309.0,0.9626168224299065,False,,1.0,low
tn,170,20,79,10,7.9,278.0,Tswana,Setswana,1298.0,4884.0,35086.0,2.0,10378.0,16.0,4.0,54.0,0.0,0.0,0.0,7.0,222.5,0.6931464174454829,False,,1.0,low
pcm,169,23,6,8,0.75,292.0,Nigerian Pidgin,Naij√°,1094.0,2155.0,24204.0,4.0,1519.0,14.0,0.0,10.0,0.0,0.0,0.0,2.0,294.0,0.9158878504672897,False,,1.0,low
dty,166,78,272,23,11.826086956521738,233.0,Doteli,‡§°‡•ã‡§ü‡•á‡§≤‡•Ä,3401.0,20503.0,240782.0,3.0,6608.0,18.0,3.0,296.0,4.0,3.0,165.0,9.0,189.0,0.5887850467289719,True,137.5,0.935374149659864,low
cbk-zam,166,134,9,9,1.0,235.0,Chavacano,Chavacano de Zamboanga,3181.0,8327.0,114502.0,1.0,14660.0,10.0,0.0,35.0,0.0,0.0,0.0,6.0,236.0,0.735202492211838,False,,1.0,low
awa,159,61,45,22,2.0454545454545454,249.0,Awadhi,‡§Ö‡§µ‡§ß‡•Ä,2452.0,5640.0,26002.0,1.0,3023.0,13.0,0.0,7.0,7.0,2.0,30.0,3.0,276.0,0.8598130841121495,True,144.0,0.9795918367346939,low
tay,158,109,26,18,1.4444444444444444,245.0,Tayal,Tayal,2569.0,3107.0,58160.0,1.0,1805.0,9.0,0.0,0.0,0.0,0.0,0.0,4.0,260.0,0.8099688473520249,False,,1.0,low
gor,156,78,117,28,4.178571428571429,146.0,Gorontalo,Bahasa Hulontalo,14763.0,22908.0,56005.0,2.0,5501.0,15.0,0.0,0.0,0.0,0.0,0.0,7.0,222.5,0.6931464174454829,False,,1.0,low
din,152,104,8,17,0.47058823529411764,322.0,Dinka,Thu…î≈ãj√§≈ã,314.0,1096.0,8606.0,1.0,6441.0,9.0,0.0,48.0,0.0,0.0,0.0,1.0,309.0,0.9626168224299065,False,,1.0,low
gag,151,117,115,11,10.454545454545455,240.0,Gagauz,Gagauz,2807.0,6643.0,69074.0,1.0,14357.0,18.0,0.0,19.0,0.0,0.0,0.0,5.0,247.5,0.7710280373831776,False,,1.0,low
st,151,131,25,10,2.5,299.0,Southern Sotho,Sesotho,946.0,4506.0,30075.0,1.0,10604.0,20.0,0.0,94.0,0.0,0.0,0.0,8.0,206.5,0.6433021806853583,False,,1.0,low
bi,146,108,2,16,0.125,273.0,Bislama,Bislama,1449.0,3389.0,42957.0,1.0,13512.0,15.0,0.0,22.0,0.0,0.0,0.0,2.0,294.0,0.9158878504672897,False,,1.0,low
zgh,144,82,6,12,0.5,262.0,Standard Moroccan Tamazight,‚µú‚¥∞‚µé‚¥∞‚µ£‚µâ‚µñ‚µú ‚µú‚¥∞‚µè‚¥∞‚µ°‚¥∞‚µ¢‚µú,1747.0,3836.0,29151.0,3.0,981.0,25.0,0.0,10.0,0.0,0.0,0.0,2.0,294.0,0.9158878504672897,False,,1.0,low
ss,144,91,15,6,2.5,302.0,Swati,SiSwati,893.0,2832.0,39840.0,3.0,8688.0,18.0,0.0,66.0,0.0,0.0,0.0,3.0,276.0,0.8598130841121495,False,,1.0,low
mad,143,77,2,17,0.11764705882352941,285.0,Madurese,Madhur√¢,1187.0,2334.0,16054.0,2.0,2607.0,45.0,0.0,6.0,0.0,0.0,0.0,1.0,309.0,0.9626168224299065,False,,1.0,low
ff,138,105,39,27,1.4444444444444444,256.0,Fula,Fulfulde,1921.0,5112.0,38317.0,2.0,9318.0,23.0,0.0,20.0,0.0,0.0,0.0,9.0,189.0,0.5887850467289719,False,,1.0,low
ts,131,33,881,12,73.41666666666667,307.0,Tsonga,Xitsonga,755.0,3894.0,37906.0,2.0,10282.0,17.0,0.0,168.0,34.0,5.0,514.0,8.0,206.5,0.6433021806853583,True,140.5,0.95578231292517,low
blk,130,49,36,11,3.272727272727273,244.0,Pa'O,·Äï·Ä°·Ä≠·ÄØ·Äù·Ä∫·Çè·Äò·Ä¨·Çè·Äû·Ä¨·Çè,2636.0,6912.0,29026.0,1.0,1469.0,9.0,0.0,11.0,0.0,0.0,0.0,4.0,260.0,0.8099688473520249,False,,1.0,low
ti,121,90,41,8,5.125,323.0,Tigrinya,·âµ·åç·à≠·äõ,289.0,2887.0,24685.0,1.0,9669.0,12.0,0.0,690.0,0.0,0.0,0.0,7.0,222.5,0.6931464174454829,False,,1.0,low
gpe,120,35,110,5,22.0,298.0,Ghanaian Pidgin,Ghanaian Pidgin,953.0,3618.0,26120.0,2.0,982.0,8.0,0.0,56.0,3.0,3.0,13.0,2.0,294.0,0.9158878504672897,True,146.0,0.9931972789115646,low
dz,115,95,0,4,0.0,324.0,Dzongkha,‡Ωá‡Ωº‡ΩÑ‡ºã‡ΩÅ,245.0,2679.0,31355.0,1.0,10688.0,10.0,0.0,1155.0,0.0,0.0,0.0,0.0,321.0,1.0,False,,1.0,low
kg,103,75,2,16,0.125,280.0,Kongo,Kongo,1288.0,3470.0,45314.0,1.0,11109.0,9.0,0.0,37.0,0.0,0.0,0.0,2.0,294.0,0.9158878504672897,False,,1.0,low
nia,102,39,111,9,12.333333333333334,268.0,Nias,Li Niha,1673.0,4123.0,22241.0,3.0,1863.0,10.0,0.0,11.0,0.0,0.0,0.0,3.0,276.0,0.8598130841121495,False,,1.0,low
skr,98,79,20,24,0.8333333333333334,200.0,Saraiki,ÿ≥ÿ±ÿßÿ¶€å⁄©€å,6017.0,7990.0,32329.0,3.0,2381.0,20.0,0.0,0.0,0.0,0.0,0.0,3.0,276.0,0.8598130841121495,False,,1.0,low
bbc,86,46,14,6,2.3333333333333335,310.0,Batak Toba,Batak Toba,716.0,1150.0,9376.0,1.0,630.0,10.0,0.0,2.0,0.0,0.0,0.0,3.0,276.0,0.8598130841121495,False,,1.0,low
ny,72,45,33,7,4.714285714285714,296.0,Nyanja,Chi-Chewa,1026.0,4707.0,42129.0,3.0,10689.0,15.0,0.0,115.0,0.0,0.0,0.0,9.0,189.0,0.5887850467289719,False,,1.0,low
ch,66,59,0,5,0.0,315.0,Chamorro,Chamoru,553.0,2527.0,23960.0,1.0,16004.0,18.0,0.0,120.0,0.0,0.0,0.0,0.0,321.0,1.0,False,,1.0,low
alt,56,19,23,4,5.75,291.0,Southern Altai,–∞–ª—Ç–∞–π —Ç–∏–ª,1094.0,6170.0,46301.0,4.0,2835.0,18.0,0.0,161.0,0.0,0.0,0.0,2.0,294.0,0.9158878504672897,False,,1.0,low
lg,54,39,46,12,3.8333333333333335,239.0,Ganda,Luganda,2876.0,6768.0,31661.0,2.0,8617.0,8.0,0.0,8.0,0.0,0.0,0.0,5.0,247.5,0.7710280373831776,False,,1.0,low
ee,49,35,7,28,0.25,305.0,Ewe,e ãegbe,845.0,3775.0,55446.0,2.0,14792.0,28.0,0.0,176.0,0.0,0.0,0.0,1.0,309.0,0.9626168224299065,False,,1.0,low
pag,41,26,142,7,20.285714285714285,246.0,Pangasinan,Pangasinan,2565.0,6594.0,77262.0,1.0,8403.0,11.0,0.0,28.0,0.0,0.0,0.0,5.0,247.5,0.7710280373831776,False,,1.0,low
ve,37,30,25,3,8.333333333333334,308.0,Venda,Tshivenda,751.0,2264.0,20040.0,1.0,8068.0,8.0,0.0,35.0,0.0,0.0,0.0,10.0,174.5,0.543613707165109,False,,1.0,low
ki,24,17,0,5,0.0,266.0,Kikuyu,Gƒ©k≈©y≈©,1695.0,3349.0,21605.0,1.0,8964.0,8.0,0.0,6.0,0.0,0.0,0.0,0.0,321.0,1.0,False,,1.0,low
nqo,24,11,0,7,0.0,272.0,N‚ÄôKo,ﬂíﬂûﬂè,1494.0,3255.0,11480.0,2.0,4040.0,7.0,0.0,4.0,0.0,0.0,0.0,0.0,321.0,1.0,False,,1.0,low
sg,21,17,0,17,0.0,321.0,Sango,S√§ng√∂,324.0,1999.0,20967.0,2.0,6730.0,9.0,0.0,280.0,0.0,0.0,0.0,0.0,321.0,1.0,False,,1.0,low
ady,17,10,3,5,0.6,314.0,Adyghe,–∞–¥—ã–≥–∞–±–∑—ç,558.0,3890.0,14657.0,1.0,7423.0,15.0,0.0,134.0,0.0,0.0,0.0,1.0,309.0,0.9626168224299065,False,,1.0,low
fon,15,11,1,1,1.0,309.0,Fon,f…îÃÄngb√®,736.0,1727.0,13966.0,3.0,625.0,22.0,0.0,14.0,0.0,0.0,0.0,1.0,309.0,0.9626168224299065,False,,1.0,low
fat,14,8,0,1,0.0,317.0,Fanti,mfantse,539.0,1499.0,10069.0,1.0,829.0,8.0,0.0,21.0,0.0,0.0,0.0,0.0,321.0,1.0,False,,1.0,low
ii,3,3,0,1,0.0,0.0,0,0,0.0,0.0,0.0,0.0,0.0,0.0,0.0,0.0,0.0,0.0,0.0,0.0,321.0,1.0,False,,1.0,low
